<xml xmlns="http://www.w3.org/1999/xhtml">
  <tab name="Init" type="InitTab" active="false" scrollx="20.00000000000034" scrolly="9.000000000000114" scale="0.9">
    <block xmlns="https://developers.google.com/blockly/xml" type="initSettings" id="woeyEB7XL4]ujnjJJ^60" x="-10" y="-10">
      <field name="LOAD_COMP_ASSETS">FALSE</field>
      <field name="FULLSCREEN">TRUE</field>
      <field name="BKG_TRANSPARENCY">TRUE</field>
      <field name="PRESERVE_DRAW_BUF">FALSE</field>
      <field name="FADE_ANNOTATIONS">TRUE</field>
    </block>
  </tab>
  <tab name="main" type="CommonTab" active="true" scrollx="290.8903196890075" scrolly="198.73591287973818" scale="0.7462153966366275"></tab>
  <editorsettings viewport-x="919.8" viewport-y="318" viewport-w="383.188" viewport-h="464.5" viewport-hidden="false" toolbox-library-mode="false" toolbox-minimized-mode="false"></editorsettings>
</xml>